[
{
  "model": "polls.question",
  "pk": 2,
  "fields": {
    "question_text": "2019 Thai general election",
    "pub_date": "2021-10-28T09:21:22Z",
    "end_date": "2021-11-30T16:12:01Z"
  }
},
{
  "model": "polls.question",
  "pk": 3,
  "fields": {
    "question_text": "which social media do you use the most?",
    "pub_date": "2021-10-26T05:18:20Z",
    "end_date": "2021-11-30T13:01:15Z"
  }
},
{
  "model": "polls.question",
  "pk": 4,
  "fields": {
    "question_text": "What's new?",
    "pub_date": "2021-09-14T20:11:57Z",
    "end_date": "2021-09-18T08:59:32Z"
  }
},
{
  "model": "polls.question",
  "pk": 5,
  "fields": {
    "question_text": "test",
    "pub_date": "2021-10-30T14:27:01Z",
    "end_date": "2021-11-30T14:27:02Z"
  }
},
{
  "model": "polls.choice",
  "pk": 4,
  "fields": {
    "question": 2,
    "choice_text": "Prayut Chan-o-cha (Palang Pracharat)"
  }
},
{
  "model": "polls.choice",
  "pk": 5,
  "fields": {
    "question": 2,
    "choice_text": "Sudarat Keyuraphan (Pheu Thai)"
  }
},
{
  "model": "polls.choice",
  "pk": 6,
  "fields": {
    "question": 2,
    "choice_text": "Thanathorn Juangroongruangkit (Future Forward)"
  }
},
{
  "model": "polls.choice",
  "pk": 7,
  "fields": {
    "question": 2,
    "choice_text": "Abhisit Vejjajiva (Democrat)"
  }
},
{
  "model": "polls.choice",
  "pk": 8,
  "fields": {
    "question": 2,
    "choice_text": "Anutin Charnvirakul (Bhumjaithai)"
  }
},
{
  "model": "polls.choice",
  "pk": 9,
  "fields": {
    "question": 3,
    "choice_text": "Instagram"
  }
},
{
  "model": "polls.choice",
  "pk": 10,
  "fields": {
    "question": 3,
    "choice_text": "Pinterest"
  }
},
{
  "model": "polls.choice",
  "pk": 11,
  "fields": {
    "question": 3,
    "choice_text": "Facebook"
  }
},
{
  "model": "polls.choice",
  "pk": 12,
  "fields": {
    "question": 3,
    "choice_text": "Twitter"
  }
},
{
  "model": "polls.choice",
  "pk": 13,
  "fields": {
    "question": 3,
    "choice_text": "Snapchat"
  }
},
{
  "model": "polls.choice",
  "pk": 14,
  "fields": {
    "question": 3,
    "choice_text": "Tumblr"
  }
},
{
  "model": "polls.choice",
  "pk": 15,
  "fields": {
    "question": 5,
    "choice_text": "1"
  }
},
{
  "model": "polls.choice",
  "pk": 16,
  "fields": {
    "question": 5,
    "choice_text": "2"
  }
},
{
  "model": "polls.choice",
  "pk": 17,
  "fields": {
    "question": 5,
    "choice_text": "3"
  }
},
{
  "model": "polls.choice",
  "pk": 18,
  "fields": {
    "question": 5,
    "choice_text": "4"
  }
},
{
  "model": "polls.vote",
  "pk": 1,
  "fields": {
    "user": 1,
    "choice": 9
  }
},
{
  "model": "polls.vote",
  "pk": 2,
  "fields": {
    "user": 1,
    "choice": 10
  }
},
{
  "model": "polls.vote",
  "pk": 3,
  "fields": {
    "user": 1,
    "choice": 12
  }
},
{
  "model": "polls.vote",
  "pk": 4,
  "fields": {
    "user": 1,
    "choice": 12
  }
},
{
  "model": "polls.vote",
  "pk": 5,
  "fields": {
    "user": 1,
    "choice": 4
  }
},
{
  "model": "polls.vote",
  "pk": 6,
  "fields": {
    "user": 1,
    "choice": 5
  }
},
{
  "model": "polls.vote",
  "pk": 7,
  "fields": {
    "user": 1,
    "choice": 7
  }
},
{
  "model": "polls.vote",
  "pk": 8,
  "fields": {
    "user": 1,
    "choice": 8
  }
},
{
  "model": "polls.vote",
  "pk": 9,
  "fields": {
    "user": 1,
    "choice": 6
  }
},
{
  "model": "polls.vote",
  "pk": 10,
  "fields": {
    "user": 1,
    "choice": 8
  }
},
{
  "model": "polls.vote",
  "pk": 11,
  "fields": {
    "user": 1,
    "choice": 6
  }
},
{
  "model": "polls.vote",
  "pk": 12,
  "fields": {
    "user": 1,
    "choice": 8
  }
},
{
  "model": "polls.vote",
  "pk": 13,
  "fields": {
    "user": 1,
    "choice": 6
  }
},
{
  "model": "polls.vote",
  "pk": 14,
  "fields": {
    "user": 1,
    "choice": 6
  }
},
{
  "model": "polls.vote",
  "pk": 15,
  "fields": {
    "user": 1,
    "choice": 4
  }
},
{
  "model": "polls.vote",
  "pk": 16,
  "fields": {
    "user": 1,
    "choice": 14
  }
},
{
  "model": "polls.vote",
  "pk": 17,
  "fields": {
    "user": 1,
    "choice": 13
  }
},
{
  "model": "polls.vote",
  "pk": 18,
  "fields": {
    "user": 1,
    "choice": 11
  }
},
{
  "model": "polls.vote",
  "pk": 19,
  "fields": {
    "user": 1,
    "choice": 14
  }
},
{
  "model": "polls.vote",
  "pk": 22,
  "fields": {
    "user": 1,
    "choice": 8
  }
},
{
  "model": "polls.vote",
  "pk": 34,
  "fields": {
    "user": 6,
    "choice": 14
  }
},
{
  "model": "polls.vote",
  "pk": 36,
  "fields": {
    "user": 1,
    "choice": 12
  }
},
{
  "model": "polls.vote",
  "pk": 50,
  "fields": {
    "user": 1,
    "choice": 8
  }
},
{
  "model": "polls.vote",
  "pk": 55,
  "fields": {
    "user": 1,
    "choice": 9
  }
},
{
  "model": "polls.vote",
  "pk": 59,
  "fields": {
    "user": 6,
    "choice": 5
  }
},
{
  "model": "polls.vote",
  "pk": 60,
  "fields": {
    "user": 6,
    "choice": 9
  }
},
{
  "model": "polls.vote",
  "pk": 61,
  "fields": {
    "user": 6,
    "choice": 7
  }
},
{
  "model": "polls.vote",
  "pk": 62,
  "fields": {
    "user": 6,
    "choice": 11
  }
},
{
  "model": "polls.vote",
  "pk": 65,
  "fields": {
    "user": 6,
    "choice": 8
  }
},
{
  "model": "polls.vote",
  "pk": 71,
  "fields": {
    "user": 6,
    "choice": 8
  }
},
{
  "model": "polls.vote",
  "pk": 74,
  "fields": {
    "user": 6,
    "choice": 13
  }
},
{
  "model": "polls.vote",
  "pk": 77,
  "fields": {
    "user": 6,
    "choice": 15
  }
},
{
  "model": "polls.vote",
  "pk": 80,
  "fields": {
    "user": 1,
    "choice": 6
  }
},
{
  "model": "polls.vote",
  "pk": 81,
  "fields": {
    "user": 1,
    "choice": 17
  }
}
]
